Area_sqft,Bedrooms,Bathrooms,Floors,Age_years,Parking,Price_lakhs
600,1,1,1,15,0,22
750,2,1,1,12,1,28
900,2,2,1,10,1,35
1000,2,2,1,8,1,40
1100,2,2,2,7,1,46
1200,3,2,1,6,1,50
1300,3,2,1,5,1,55
1400,3,2,2,8,1,58
1500,3,2,1,4,2,65
1600,3,3,2,5,2,72
1700,3,3,2,3,2,78
1800,3,3,2,4,2,82
1900,4,3,2,6,2,88
2000,4,3,2,3,2,95
2100,4,3,2,2,2,102
2200,4,4,2,4,2,110
2300,4,4,2,2,3,118
2400,4,4,2,1,3,125
2500,5,4,2,3,3,135
2700,5,4,2,2,3,148
2800,5,4,2,1,3,155
3000,5,5,2,2,3,170
3200,5,5,2,1,3,185
3500,6,5,2,2,4,210
3800,6,5,2,1,4,235
4000,6,6,2,1,4,250
